number,word
1,absolute
2,abstract
3,academic
4,accepted
5,accident
6,accuracy
7,accurate
8,achieved
9,acquired
10,activity
11,actually
12,addition
13,adequate
14,adjacent
15,adjusted
16,advanced
17,advisory
18,advocate
19,affected
20,aircraft
21,alliance
22,although
23,aluminum
24,analysis
25,announce
26,anything
27,anywhere
28,apparent
29,appendix
30,approach
31,approval
32,argument
33,artistic
34,assembly
35,assuming
36,athletic
37,attached
38,attitude
39,attorney
40,audience
41,autonomy
42,aviation
43,bachelor
44,bacteria
45,baseball
46,bathroom
47,becoming
48,benjamin
49,birthday
50,boundary
51,breaking
52,breeding
53,building
54,bulletin
55,business
56,calendar
57,campaign
58,capacity
59,casualty
60,catching
61,category
62,Catholic
63,cautious
64,cellular
65,ceremony
66,chairman
67,champion
68,chemical
69,children
70,circular
71,civilian
72,clearing
73,clinical
74,clothing
75,collapse
76,colonial
77,colorful
78,commence
79,commerce
80,complain
81,complete
82,composed
83,compound
84,comprise
85,computer
86,conclude
87,concrete
88,conflict
89,confused
90,congress
91,consider
92,constant
93,consumer
94,continue
95,contract
96,contrary
97,contrast
98,convince
99,corridor
100,coverage
101,covering
102,creation
103,creative
104,criminal
105,critical
106,crossing
107,cultural
108,currency
109,customer
110,database
111,daughter
112,daylight
113,deadline
114,deciding
115,decision
116,decrease
117,deferred
118,definite
119,delicate
120,delivery
121,describe
122,designer
123,detailed
124,diabetes
125,dialogue
126,diameter
127,directly
128,director
129,disabled
130,disaster
131,disclose
132,discount
133,discover
134,disorder
135,disposal
136,distance
137,distinct
138,district
139,dividend
140,division
141,doctrine
142,document
143,domestic
144,dominant
145,dominate
146,doubtful
147,dramatic
148,dressing
149,dropping
150,duration
151,dynamics
152,earnings
153,economic
154,educated
155,efficacy
156,eighteen
157,election
158,electric
159,eligible
160,emerging
161,emphasis
162,employee
163,endeavor
164,engaging
165,engineer
166,enormous
167,entirely
168,entrance
169,envelope
170,equality
171,equation
172,estimate
173,evaluate
174,eventual
175,everyday
176,everyone
177,evidence
178,exchange
179,exciting
180,exercise
181,explicit
182,exposure
183,extended
184,external
185,facility
186,familiar
187,featured
188,feedback
189,festival
190,finished
191,firewall
192,flagship
193,flexible
194,floating
195,football
196,foothill
197,forecast
198,foremost
199,formerly
200,fourteen
201,fraction
202,franklin
203,frequent
204,friendly
205,frontier
206,function
207,generate
208,generous
209,genomics
210,goodwill
211,governor
212,graduate
213,graphics
214,grateful
215,guardian
216,guidance
217,handling
218,hardware
219,heritage
220,highland
221,historic
222,homeless
223,homepage
224,hospital
225,humanity
226,identify
227,identity
228,ideology
229,imperial
230,incident
231,included
232,increase
233,indicate
234,indirect
235,industry
236,informal
237,informed
238,inherent
239,initiate
240,innocent
241,inspired
242,instance
243,integral
244,intended
245,interact
246,interest
247,interior
248,internal
249,interval
250,intimate
251,intranet
252,invasion
253,involved
254,isolated
255,judgment
256,judicial
257,junction
258,keyboard
259,landlord
260,language
261,laughter
262,learning
263,leverage
264,lifetime
265,lighting
266,likewise
267,limiting
268,literary
269,location
270,magazine
271,magnetic
272,maintain
273,majority
274,marginal
275,marriage
276,material
277,maturity
278,maximize
279,meantime
280,measured
281,medicine
282,medieval
283,memorial
284,merchant
285,midnight
286,military
287,minimize
288,minister
289,ministry
290,minority
291,mobility
292,modeling
293,moderate
294,momentum
295,monetary
296,moreover
297,mortgage
298,mountain
299,mounting
300,movement
301,multiple
302,national
303,negative
304,nineteen
305,northern
306,notebook
307,numerous
308,observer
309,occasion
310,offering
311,official
312,offshore
313,operator
314,opponent
315,opposite
316,optimism
317,optional
318,ordinary
319,organize
320,original
321,overcome
322,overhead
323,overseas
324,overview
325,painting
326,parallel
327,parental
328,patented
329,patience
330,peaceful
331,periodic
332,personal
333,persuade
334,petition
335,physical
336,pipeline
337,platform
338,pleasant
339,pleasure
340,politics
341,portable
342,portrait
343,position
344,positive
345,possible
346,powerful
347,practice
348,precious
349,pregnant
350,presence
351,preserve
352,pressing
353,pressure
354,previous
355,princess
356,printing
357,priority
358,probable
359,probably
360,producer
361,profound
362,progress
363,property
364,proposal
365,prospect
366,protocol
367,provided
368,provider
369,province
370,publicly
371,purchase
372,pursuant
373,quantity
374,question
375,rational
376,reaction
377,received
378,receiver
379,recovery
380,regional
381,register
382,relation
383,relative
384,relevant
385,reliable
386,reliance
387,religion
388,remember
389,renowned
390,repeated
391,reporter
392,republic
393,required
394,research
395,reserved
396,resident
397,resigned
398,resource
399,response
400,restrict
401,revision
402,rigorous
403,romantic
404,sampling
405,scenario
406,schedule
407,scrutiny
408,seasonal
409,secondly
410,security
411,sensible
412,sentence
413,separate
414,sequence
415,sergeant
416,shipping
417,shortage
418,shoulder
419,simplify
420,situated
421,slightly
422,software
423,solution
424,somebody
425,somewhat
426,southern
427,speaking
428,specific
429,spectrum
430,sporting
431,standard
432,standing
433,standout
434,sterling
435,straight
436,strategy
437,strength
438,striking
439,struggle
440,stunning
441,suburban
442,suitable
443,superior
444,supposed
445,surgical
446,surprise
447,survival
448,sweeping
449,swimming
450,symbolic
451,sympathy
452,syndrome
453,tactical
454,tailored
455,takeover
456,tangible
457,taxation
458,taxpayer
459,teaching
460,tendency
461,terminal
462,terrible
463,thinking
464,thirteen
465,thorough
466,thousand
467,together
468,tomorrow
469,touching
470,tracking
471,training
472,transfer
473,traveled
474,treasury
475,triangle
476,tropical
477,turnover
478,ultimate
479,umbrella
480,universe
481,unlawful
482,unlikely
483,valuable
484,variable
485,vertical
486,victoria
487,violence
488,volatile
489,warranty
490,weakness
491,weighted
492,whatever
493,whenever
494,wherever
495,wildlife
496,wireless
497,withdraw
498,woodland
499,workshop
500,yourself
501,yarnball